execucao,espera_ms,pedido_id,qtd_pagamentos,status_final,duplicado
1,0,7d6af584-7204-4c5f-b8ea-786d48669117,2,CONCLUIDO,sim
2,0,c74213a5-93c7-4d52-a4c8-878c88864c1d,2,CONCLUIDO,sim
3,0,9e3a9f7e-931c-4193-89c2-8089c6940c92,2,CONCLUIDO,sim
4,2,c16e57bf-0f3b-495d-a59a-6fda037de86e,2,CONCLUIDO,sim
5,2,fb7639d3-0376-48a7-8c8c-3238f3991987,2,CONCLUIDO,sim
6,2,9c4c38b8-2784-4c1a-a6dc-6f141b5c6f21,2,CONCLUIDO,sim
7,5,df63796d-97fd-4999-a2a3-6fc43c677b3d,2,CONCLUIDO,sim
8,5,d8746170-fadf-4712-8e7c-0e18c52d193a,2,CONCLUIDO,sim
9,5,380b2a9e-55d6-4115-b81c-fca085c98ad4,2,CONCLUIDO,sim
10,8,8696efe0-cef3-4446-915a-8962cffd8664,2,CONCLUIDO,sim
11,8,89f114fa-6962-48c3-a702-d2a1d6f0c529,2,CONCLUIDO,sim
12,8,0454aef8-8d38-4dbc-9ced-b6c0d78c78e7,2,CONCLUIDO,sim
13,10,566e3a5b-c243-49ed-be2d-3a930d38d4ec,2,CONCLUIDO,sim
14,10,a067a5d3-e2ed-400b-a7f6-8787ddfde04d,2,CONCLUIDO,sim
15,10,007987b8-da14-4636-84f0-0d8dc6fbc499,2,CONCLUIDO,sim
16,15,acd4b961-007c-4311-9f8e-9c9e57696f9a,2,CONCLUIDO,sim
17,15,b1d07d8b-db9e-4beb-a38f-afdd6acb3b33,2,CONCLUIDO,sim
18,15,8de71e98-bbc1-4650-b18b-45c0d0288446,2,CONCLUIDO,sim
19,20,c20ebb89-bc1b-4541-be29-b208ff361565,2,CONCLUIDO,sim
20,20,fe147f50-5c8c-4d9a-8347-e466b1a91260,2,CONCLUIDO,sim
21,20,7b086d8e-2faa-40b5-9826-563ee1336497,2,CONCLUIDO,sim
22,30,657d5c60-8f5a-49c8-84dd-f683f231dfcc,2,CONCLUIDO,sim
23,30,d3da7710-72e4-4fe6-a321-def7150e06f0,2,CONCLUIDO,sim
24,30,512b4ed9-7eb0-4972-8481-fd6d20885dc3,2,CONCLUIDO,sim
25,50,40dfc5dc-6f58-4bdb-9923-07530461e308,2,CONCLUIDO,sim
26,50,8256c245-20cc-4f6b-a176-28005c68cdd2,2,CONCLUIDO,sim
27,50,def91954-f59e-4786-85c0-5b66b8f9c81b,2,CONCLUIDO,sim
